

--
-- Table structure for table `projects`
--

DROP TABLE IF EXISTS `projects`;
CREATE TABLE IF NOT EXISTS `projects` (
  `idProject` int(11) NOT NULL AUTO_INCREMENT,
  `projectName` varchar(255) NOT NULL,
  `projectDescription` text NOT NULL,
  `projectStartDate` date NOT NULL,
  `projectEndDate` date NOT NULL,
  `requestedFund` float NOT NULL,
  `idUser` int(11) NOT NULL,
  PRIMARY KEY (`idProject`)
) ENGINE=MyISAM AUTO_INCREMENT=10 DEFAULT CHARSET=utf8;

--
-- Dumping data for table `projects`
--

INSERT INTO `projects` (`idProject`, `projectName`, `projectDescription`, `projectStartDate`, `projectEndDate`, `requestedFund`, `idUser`) VALUES
(1, 'ZEPHIR PROJECT', 'Breaking the absolute sailing speed record by pushing the technological and human limits, and revolutionising board sports. Construction of a new surfboard with a revolutionary sail.', '2021-10-10', '2022-02-15', 30000, 12),
(2, 'BUBBLe iT!', 'BUBBLe iT! device, the do-it-yourself sparkling water, without machine, and its new range of natural flavours.\r\nBUBBLe iT!, the sparkling water that takes care of the planet and its inhabitants\r\nAnd still water became sparkling water simply, naturally...\r\nCreate your own sparkling water, where you want it, when you want it, with BUBBLe iT!', '2021-11-01', '2022-01-20', 10000, 32),
(3, 'LYNX', 'French start-up Lynx is launching its virtual and augmented reality headset project. Originally aimed at large companies, the Lynx-R1 is now positioned as an alternative to the Oculus Quest 2 and could appeal to developers, enthusiasts and professionals who don\'t want to do business with Facebook.', '2021-10-01', '2022-02-10', 150000, 48),
(4, 'WHATTFORNOW', 'WhaTT, a dual drivetrain to reinvent the electric bike... and reconnect with the pleasure of pedalling.\r\nLighter (30% lighter) and more powerful (160Nm, 2 to 3 times more) than the other EABs on the market, WhaTT bikes allow you to rediscover the pleasure of pedalling, while revolutionising the use of the electric motor in terms of performance and safety.', '2021-10-20', '2022-03-01', 125000, 57),
(5, 'UFACTORY Lite 6', 'Most Affordable Collaborative Robot Arm.\r\nThe preferred robot arm for small and medium-sized enterprises, robotic researchers, and engineers.\r\nNowadays, robots are widely used in big factories. They are expensive, large and heavy, they mainly work on heavy-duty tasks. However, few of them are designed for light and budget-friendly tasks. This raises a real challenge in keeping quick ROI in these tasks by using robots. A durable and affordable robot arm with industrial-grade accessories is key.', '2021-11-10', '2022-02-28', 140000, 83),
(6, 'PANGEA Eco Jacket', '21 Features for your Outdoor Adventures.\r\nCompact. Waterproof. With a lifetime warranty. Sustainably made from recycled bottles to stop ocean pollution.', '2021-10-20', '2022-01-20', 9000, 103),
(7, 'Eone Switch', 'An Accessible Tactile Watch for Everyone.\r\nEone is back, with an inclusively designed magnetic watch offering multiple styles; using zero tools. The freedom to express yourself.', '2022-02-15', '2022-05-31', 35000, 132),
(8, 'xTool M1', 'Mini but Powerful Hybrid Laser & Blade Cutter.\r\nThe Versatile Desktop Cutter and Engraver for Everyone - Innovative , Powerful , Easy to Use , Affordable', '2021-10-01', '2021-11-10', 89000, 146),
(9, 'Tuck Bike', 'The BIG bike for small spaces.\r\nThe first folding bike with folding wheels. A full size bike that fits under your desk and is fun to ride whether you fold it or not.', '2021-10-20', '2022-02-15', 140000, 181);

-- --------------------------------------------------------

--
-- Table structure for table `projects_investors`
--

DROP TABLE IF EXISTS `projects_investors`;
CREATE TABLE IF NOT EXISTS `projects_investors` (
  `idUser` int(11) NOT NULL,
  `idProject` int(11) NOT NULL,
  `investmentFund` float NOT NULL,
  `investmentDate` date NOT NULL,
  UNIQUE KEY `idUser` (`idUser`,`idProject`)
) ENGINE=MyISAM DEFAULT CHARSET=utf8;

--
-- Dumping data for table `projects_investors`
--

INSERT INTO `projects_investors` (`idUser`, `idProject`, `investmentFund`, `investmentDate`) VALUES
(185, 3, 2323, '2022-01-04'),
(364, 3, 2459, '2022-01-10'),
(280, 3, 2766, '2021-10-06'),
(340, 3, 1998, '2021-11-18'),
(75, 3, 2064, '2021-10-08'),
(302, 3, 1762, '2021-11-05'),
(353, 3, 1924, '2022-01-03'),
(70, 3, 1872, '2022-01-17'),
(282, 3, 2005, '2022-02-01'),
(149, 3, 2120, '2021-10-15'),
(300, 3, 2271, '2021-12-13'),
(99, 3, 2515, '2022-01-09'),
(303, 3, 2329, '2021-12-02'),
(372, 3, 3716, '2021-12-20'),
(113, 3, 2376, '2021-11-18'),
(218, 8, 4489, '2021-10-22'),
(276, 8, 4225, '2021-10-23'),
(293, 8, 5118, '2021-10-25'),
(153, 8, 5098, '2021-10-24'),
(466, 8, 5242, '2021-10-19'),
(162, 8, 4421, '2021-11-05'),
(110, 8, 5085, '2021-10-21'),
(281, 8, 4956, '2021-11-10'),
(337, 8, 3631, '2021-10-06'),
(380, 8, 4015, '2021-10-12'),
(372, 1, 973, '2021-11-29'),
(26, 1, 761, '2021-11-29'),
(321, 1, 1127, '2022-01-19'),
(395, 1, 754, '2021-12-21'),
(414, 1, 850, '2022-01-04'),
(151, 1, 1254, '2021-11-19'),
(137, 1, 1050, '2021-11-26'),
(467, 1, 1163, '2021-12-14'),
(415, 1, 918, '2021-10-23'),
(269, 1, 1004, '2021-10-11'),
(92, 1, 710, '2021-11-17'),
(3, 1, 998, '2021-12-02'),
(252, 1, 978, '2022-01-21'),
(463, 1, 960, '2021-11-26'),
(168, 4, 4495, '2022-02-12'),
(30, 4, 3615, '2021-12-28'),
(466, 4, 4471, '2022-02-22'),
(400, 4, 2643, '2021-11-30'),
(99, 4, 2720, '2021-11-28'),
(294, 4, 3382, '2022-01-08'),
(432, 4, 2778, '2021-12-29'),
(107, 4, 3052, '2022-02-22'),
(310, 4, 4421, '2021-11-20'),
(141, 4, 2976, '2021-11-06'),
(174, 4, 4288, '2021-10-24'),
(147, 4, 3590, '2022-01-25'),
(482, 4, 4397, '2021-11-09'),
(438, 4, 3997, '2021-12-07'),
(219, 4, 2962, '2021-12-01'),
(311, 4, 4154, '2021-10-23'),
(221, 4, 4367, '2021-11-05'),
(207, 4, 2615, '2021-12-12'),
(145, 4, 3258, '2022-01-29'),
(321, 4, 4319, '2022-02-04'),
(102, 6, 140, '2021-11-17'),
(478, 6, 182, '2021-11-07'),
(326, 6, 175, '2021-12-29'),
(1, 6, 171, '2021-12-30'),
(234, 6, 145, '2021-11-07'),
(58, 6, 138, '2022-01-08'),
(101, 6, 181, '2021-11-17'),
(465, 6, 179, '2021-11-19'),
(193, 6, 149, '2021-12-06'),
(94, 6, 159, '2021-11-29'),
(257, 6, 176, '2021-12-08'),
(231, 6, 167, '2021-12-15'),
(159, 6, 117, '2021-11-05'),
(271, 6, 195, '2021-12-25'),
(422, 6, 148, '2021-12-14'),
(171, 6, 149, '2021-12-16'),
(339, 6, 132, '2021-10-25'),
(34, 6, 177, '2021-10-30'),
(114, 9, 3230, '2022-01-19'),
(335, 9, 3925, '2022-01-21'),
(431, 9, 3909, '2022-01-02'),
(101, 9, 2790, '2021-12-03'),
(127, 9, 3138, '2022-02-06'),
(455, 9, 3638, '2021-11-18'),
(14, 9, 2899, '2022-01-12'),
(432, 9, 3954, '2021-12-18'),
(489, 9, 2581, '2021-11-09'),
(300, 9, 4138, '2021-11-09'),
(428, 9, 3416, '2021-12-04'),
(296, 9, 4159, '2021-12-14'),
(155, 9, 3319, '2021-12-15'),
(113, 9, 2504, '2021-12-04'),
(268, 2, 205, '2021-12-07'),
(360, 2, 227, '2021-12-14'),
(397, 2, 165, '2022-01-07'),
(371, 2, 144, '2021-11-03'),
(186, 2, 245, '2022-01-12'),
(218, 2, 186, '2021-12-08'),
(212, 2, 160, '2021-12-06'),
(53, 2, 176, '2022-01-07'),
(304, 2, 197, '2022-01-09'),
(260, 2, 233, '2021-12-28'),
(25, 2, 224, '2022-01-10'),
(450, 2, 176, '2022-01-04'),
(71, 2, 194, '2021-12-13'),
(23, 2, 166, '2021-11-30'),
(433, 2, 219, '2021-11-25'),
(61, 2, 183, '2022-01-04'),
(479, 5, 1525, '2021-12-04'),
(66, 5, 1704, '2022-02-24'),
(318, 5, 1670, '2022-02-10'),
(161, 5, 1996, '2021-11-20'),
(332, 5, 1383, '2022-02-14'),
(190, 5, 2135, '2021-12-15'),
(467, 5, 1340, '2021-12-03'),
(435, 5, 1891, '2022-02-02'),
(47, 5, 1501, '2022-02-10'),
(343, 5, 1739, '2022-02-23'),
(255, 5, 1752, '2022-02-23'),
(348, 5, 1644, '2022-01-22'),
(2, 5, 2111, '2022-02-23'),
(413, 5, 1847, '2021-12-29'),
(333, 5, 1783, '2022-02-17'),
(420, 5, 1838, '2022-01-12'),
(134, 5, 1258, '2022-02-28'),
(249, 5, 1587, '2021-11-17'),
(179, 5, 1496, '2021-12-15'),
(203, 7, 1417, '2022-05-16'),
(207, 7, 1278, '2022-05-11'),
(439, 7, 1139, '2022-04-01'),
(199, 7, 1453, '2022-03-27'),
(348, 7, 964, '2022-03-27'),
(161, 7, 1128, '2022-04-12'),
(457, 7, 1124, '2022-02-26'),
(2, 7, 1389, '2022-02-24'),
(313, 7, 1394, '2022-05-13'),
(179, 7, 1283, '2022-04-22'),
(408, 7, 1219, '2022-04-17'),
(21, 7, 863, '2022-02-27'),
(477, 7, 1099, '2022-04-25');

-- --------------------------------------------------------

--
-- Table structure for table `users`
--

DROP TABLE IF EXISTS `users`;
CREATE TABLE IF NOT EXISTS `users` (
  `idUser` int(11) NOT NULL AUTO_INCREMENT,
  `firstname` varchar(50) DEFAULT NULL,
  `lastname` varchar(50) DEFAULT NULL,
  `email` varchar(50) DEFAULT NULL,
  `password` varchar(50) DEFAULT NULL,
  PRIMARY KEY (`idUser`)
) ENGINE=MyISAM AUTO_INCREMENT=501 DEFAULT CHARSET=utf8;

--
-- Dumping data for table `users`
--

INSERT INTO `users` (`idUser`, `firstname`, `lastname`, `email`, `password`) VALUES
(1, 'Taddeusz', 'Bodiam', 'tbodiam0@gov.uk', 'c6gwcNRg'),
(2, 'Dunstan', 'cornhill', 'dcornhill1@salon.com', 'NT0paN'),
(3, 'Catha', 'Cheine', 'ccheine2@jugem.jp', '4Se3kBWFJyZ'),
(4, 'Alejandro', 'Tremain', 'atremain3@blinklist.com', 'PmOmXEyu3nEA'),
(5, 'Tamarra', 'Pethybridge', 'tpethybridge4@wikimedia.org', 'IWxe7kjm3b'),
(6, 'Karly', 'Yarker', 'kyarker5@etsy.com', 'YysMqOL1EaZ5'),
(7, 'Saleem', 'Fishly', 'sfishly6@com.com', '6YwZC4WP'),
(8, 'Horst', 'Husband', 'hhusband7@patch.com', 'OlZv4lz'),
(9, 'Andriana', 'Zanicchelli', 'azanicchelli8@businessweek.com', 'ARNcgzhZ'),
(10, 'Helga', 'Redparth', 'hredparth9@wikipedia.org', 'axH6yTReCeL'),
(11, 'Herbie', 'Litchfield', 'hlitchfielda@patch.com', 'UWkyKei'),
(12, 'Carley', 'Hallatt', 'challattb@hotmail.com', 'xu3dDi'),
(13, 'Dennet', 'Bardey', 'dbardeyc@cocolog-nifty.com', 'SlynDMbW7'),
(14, 'Moshe', 'Hubberstey', 'mhubbersteyd@sfgate.com', '5qV37Colnt'),
(15, 'Marcel', 'Gonzales', 'mgonzalese@1und1.de', 'LcUGQ3'),
(16, 'Bartholomew', 'Hussey', 'bhusseyf@google.nl', 'XWBWBAV7T'),
(17, 'Mallorie', 'Yakovich', 'myakovichg@examiner.com', '14OY5PC'),
(18, 'Marci', 'Slide', 'mslideh@photobucket.com', 'IGnGlsN'),
(19, 'Neron', 'Drewes', 'ndrewesi@topsy.com', '2SBrG8AEfyC'),
(20, 'Seka', 'Milmo', 'smilmoj@mapy.cz', 'AD3Wym3uhFbJ'),
(21, 'Cordy', 'Moat', 'cmoatk@fastcompany.com', 'LQ1ADhvG29D'),
(22, 'Corbett', 'Mudie', 'cmudiel@archive.org', 'Yf53fU'),
(23, 'Hoyt', 'Magnus', 'hmagnusm@prlog.org', 'zbt5ZkvbscLd'),
(24, 'Alexandrina', 'Baradel', 'abaradeln@infoseek.co.jp', 'W3T1KrojXb'),
(25, 'Auguste', 'Hursthouse', 'ahursthouseo@booking.com', 'qXVTLoSK'),
(26, 'Meredith', 'Tryme', 'mtrymep@issuu.com', 'ukVTDgj'),
(27, 'Donovan', 'Vannah', 'dvannahq@state.gov', 'eSyovrh'),
(28, 'Amelita', 'Manuele', 'amanueler@about.com', 'o3aX52pno'),
(29, 'Byron', 'Bentick', 'bbenticks@dagondesign.com', 'Hxiihgq'),
(30, 'Amie', 'Archbell', 'aarchbellt@noaa.gov', 'NNTNmNnG43gr'),
(31, 'Hannah', 'Niece', 'hnieceu@thetimes.co.uk', 'pFVhy2'),
(32, 'Tony', 'Earpe', 'tearpe@gmail.com', 'csrCz9m'),
(33, 'Raina', 'Chirm', 'rchirmw@europa.eu', 'JanY8qRThGQf'),
(34, 'Forester', 'Jobbins', 'fjobbinsx@census.gov', 'aFpVDOIV'),
(35, 'Forest', 'Yirrell', 'fyirrelly@gizmodo.com', 'bwcrXWZxbjJL'),
(36, 'Valeria', 'Downey', 'vdowneyz@posterous.com', 'nvIzOtVy0CE'),
(37, 'Glenn', 'Grigorian', 'ggrigorian10@booking.com', 'ttVU05mtYd0'),
(38, 'Garland', 'Nancekivell', 'gnancekivell11@angelfire.com', 'avim7NuoE'),
(39, 'Shem', 'Lethebridge', 'slethebridge12@bigcartel.com', 'VqfZo9Dx'),
(40, 'Falkner', 'Veel', 'fveel13@topsy.com', 'nU6J2da7o'),
(41, 'Johnnie', 'Kentwell', 'jkentwell14@mtv.com', '5C2vwLLA00a'),
(42, 'Bab', 'Nafzger', 'bnafzger15@ihg.com', 'dFbuUd'),
(43, 'Jarib', 'Rummery', 'jrummery16@europa.eu', 'O6lzY4'),
(44, 'Moe', 'Poge', 'mpoge17@europa.eu', 'bVmCqP'),
(45, 'Gabbi', 'Camock', 'gcamock18@geocities.com', 'nDyqAb1bWjZd'),
(46, 'Faythe', 'McSweeney', 'fmcsweeney19@oracle.com', 'dBZ5VVKBoR'),
(47, 'Carolyn', 'Eriksson', 'ceriksson1a@tmall.com', 'EYlr3DcZ'),
(48, 'Staci', 'Allwell', 'sallwell1b@technica.com', 'lFwYoMSPmM55'),
(49, 'Phoebe', 'MacCallester', 'pmaccallester1c@de.vu', 'JpynQlaUK2AM'),
(50, 'Noreen', 'Griggs', 'ngriggs1d@uiuc.edu', '7XureFX07wju'),
(51, 'Humfried', 'Crosskell', 'hcrosskell1e@wikia.com', 'pGPtN5wuBHya'),
(52, 'Emelina', 'Maryet', 'emaryet1f@samsung.com', 'v5hpx6QeQi'),
(53, 'Huntington', 'Varey', 'hvarey1g@instagram.com', 'HFovtF'),
(54, 'Lacie', 'Caldera', 'lcaldera1h@thetimes.co.uk', 'QiyhLPt6'),
(55, 'Prentice', 'Burgum', 'pburgum1i@jugem.jp', 'aU751obN'),
(56, 'Georgeanna', 'Tuerena', 'gtuerena1j@symantec.com', 'qF52B2bOXgA'),
(57, 'Karole', 'Pigeon', 'kpigeon1k@bandcamp.com', 'cNJrLNsB'),
(58, 'Tera', 'Leverson', 'tleverson1l@scribd.com', 'cMz7cfavZ4a'),
(59, 'Eleonora', 'Petran', 'epetran1m@nytimes.com', 'Ob5eTGfkj'),
(60, 'Catharina', 'Bellocht', 'cbellocht1n@oaic.gov.au', 'Kc9RTTxUrlQ'),
(61, 'Franciskus', 'Stansfield', 'fstansfield1o@paypal.com', 'VSMpYXO'),
(62, 'Warden', 'Hancox', 'whancox1p@shutterfly.com', '19ABqPWTQ'),
(63, 'Tomi', 'Burburough', 'tburburough1q@tinyurl.com', 'zmnKc2vEIA'),
(64, 'Griffin', 'Josefsen', 'gjosefsen1r@yellowpages.com', 'wmSTzdN'),
(65, 'Persis', 'Baldry', 'pbaldry1s@msn.com', 'EFKKc5OJhFdD'),
(66, 'Ibrahim', 'Gregoli', 'igregoli1t@ycombinator.com', 'HNNa7wa4xJ4M'),
(67, 'Beniamino', 'Dunmore', 'bdunmore1u@rambler.ru', 'T31o8b5'),
(68, 'Debora', 'Kanzler', 'dkanzler1v@tiny.cc', 'tPOlYbYJY'),
(69, 'Cleavland', 'Giamelli', 'cgiamelli1w@slashdot.org', 'ELS9ofeVh'),
(70, 'Guido', 'Monger', 'gmonger1x@people.com.cn', '38YfdwvSrMA'),
(71, 'Meaghan', 'Fiddiman', 'mfiddiman1y@elegantthemes.com', 'VhIfsw'),
(72, 'Bobette', 'Burgane', 'bburgane1z@google.de', 'VidIqVDFonZ7'),
(73, 'Beatriz', 'Denial', 'bdenial20@shop-pro.jp', 'ZqcT1S2'),
(74, 'Munroe', 'O\' Hanvey', 'mohanvey21@unesco.org', 'HagIFl'),
(75, 'Virgina', 'Foister', 'vfoister22@netlog.com', 'eMpt59'),
(76, 'Josy', 'Muat', 'jmuat23@kickstarter.com', 'Ak3jH2qW'),
(77, 'Andris', 'Yelland', 'ayelland24@wikispaces.com', 'LeIbZRdiJJ'),
(78, 'Nessie', 'Meedendorpe', 'nmeedendorpe25@wsj.com', 'aY0EbaY'),
(79, 'Dorrie', 'Jorissen', 'djorissen26@bbb.org', 'mPFmmR'),
(80, 'Madeline', 'Red', 'mred27@tumblr.com', 'hzKd1vFOd'),
(81, 'Happy', 'Peschka', 'hpeschka28@yandex.ru', '2A1dAEDb'),
(82, 'Janenna', 'Trahear', 'jtrahear29@xinhuanet.com', 'oabKNJ1T'),
(83, 'Gert', 'Grinley', 'ggrinley2a@nyc.edu', 'U78jXRYGk'),
(84, 'Kendrick', 'I\'anson', 'kianson2b@istockphoto.com', 'ZuoYqx'),
(85, 'Kellyann', 'Symper', 'ksymper2c@myspace.com', 'BQ7SPqT'),
(86, 'Bentley', 'Fardy', 'bfardy2d@time.com', 'T82Ez2K13n'),
(87, 'Odey', 'Hedden', 'ohedden2e@exblog.jp', 'jJXbR8L5i'),
(88, 'Livvyy', 'Fillingham', 'lfillingham2f@youku.com', 'bBa72O'),
(89, 'Conney', 'Greensitt', 'cgreensitt2g@yale.edu', 'YV65JMt0t'),
(90, 'Tisha', 'Jimenez', 'tjimenez2h@aboutads.info', 'iRDnV1EZj7qh'),
(91, 'Dukey', 'Fullard', 'dfullard2i@sciencedirect.com', 'GDr5lo2X'),
(92, 'Tobi', 'Boult', 'tboult2j@imdb.com', 'DakEeWQOICl'),
(93, 'Erin', 'Oneile', 'eoneile2k@seattletimes.com', 'YxDHZyeXHSrj'),
(94, 'Mariette', 'Rielly', 'mrielly2l@boston.com', 'XEwJ7iSo'),
(95, 'Franciskus', 'Gleave', 'fgleave2m@scientificamerican.com', 'XAzfYNFTS'),
(96, 'Pammie', 'Blackesland', 'pblackesland2n@hexun.com', 'CtjvNuBa'),
(97, 'Brenden', 'Meake', 'bmeake2o@psu.edu', '5ouahwiIRhAi'),
(98, 'Prinz', 'McCaughen', 'pmccaughen2p@behance.net', 'zVW60bR3eyi3'),
(99, 'Genovera', 'Williamson', 'gwilliamson2q@google.pl', 'b8fZvJFJ0pJ'),
(100, 'Atlante', 'Gonin', 'agonin2r@dot.gov', 'G1WUVScMwD3'),
(101, 'Melisande', 'Ingledow', 'mingledow2s@barnesandnoble.com', 'F1QF9ONjKNsf'),
(102, 'Gregorius', 'Laroux', 'glaroux2t@nba.com', 'uV3IgV7avNYL'),
(103, 'Alistair', 'Dreus', 'adreus4u@proton.gov', 'OLS7lmsQiwt'),
(104, 'Isiahi', 'Motion', 'imotion2v@java.com', 'NN6rmOjtYXpa'),
(105, 'Gray', 'Heading', 'gheading2w@booking.com', 'ItrtbGbnGab'),
(106, 'Hanson', 'Gawthrop', 'hgawthrop2x@about.me', 'cvu7pC3p'),
(107, 'Ash', 'Fritchly', 'afritchly2y@ca.gov', 'ylGVdb5VX'),
(108, 'Jaclyn', 'Waplington', 'jwaplington2z@cdbaby.com', 'wFWyNeDxD1J'),
(109, 'Melany', 'Pyburn', 'mpyburn30@slideshare.net', '3pLfE4n'),
(110, 'Gerick', 'Jancey', 'gjancey31@china.com.cn', 'J1VEtEoIYd'),
(111, 'Baldwin', 'Longley', 'blongley32@examiner.com', 'MU0QpW'),
(112, 'Jervis', 'Stoak', 'jstoak33@exblog.jp', 'VVpfS7fjEQvq'),
(113, 'Jules', 'Beckinsale', 'jbeckinsale34@google.de', 'EPRWYkaAb'),
(114, 'Harri', 'Baniard', 'hbaniard35@bigcartel.com', 'ZSZP6bWJbS'),
(115, 'Alvinia', 'MacLoughlin', 'amacloughlin36@yelp.com', 'jtNyg787'),
(116, 'Rafa', 'Colcomb', 'rcolcomb37@smh.com.au', 'enn81qY0G'),
(117, 'Ari', 'Jessope', 'ajessope38@comcast.net', 'RPOoMZ8al'),
(118, 'Casi', 'Mannion', 'cmannion39@printfriendly.com', '0mMnq1hfiBc'),
(119, 'Taylor', 'Raffeorty', 'traffeorty3a@yahoo.co.jp', 'KcpcOC7'),
(120, 'Cornela', 'Decker', 'cdecker3b@phoca.cz', '6yCJi1Gdrv'),
(121, 'Lucais', 'Fryd', 'lfryd3c@hostgator.com', 'LtK8lOXqFV'),
(122, 'Gard', 'Pero', 'gpero3d@163.com', 'lXckaokkK'),
(123, 'Emogene', 'Lars', 'elars3e@msu.edu', 'Bvca8M6I0'),
(124, 'Sisely', 'Penelli', 'spenelli3f@china.com.cn', 'uXrj8f1'),
(125, 'Marylou', 'Borwick', 'mborwick3g@virginia.edu', 'MZ3nOF9b'),
(126, 'Noni', 'Schroter', 'nschroter3h@gravatar.com', 'PskGt6Z0cGGN'),
(127, 'Gwennie', 'Claisse', 'gclaisse3i@issuu.com', 'wzIQhgrGhng'),
(128, 'Orren', 'Clemmett', 'oclemmett3j@theatlantic.com', 'DjkeLj'),
(129, 'Norrie', 'Milland', 'nmilland3k@lycos.com', 'NxgSOb3D5G'),
(130, 'Lesya', 'Yantsev', 'lyantsev3l@xrea.com', 'mgGGpWEiUK8'),
(131, 'Darsie', 'Hulson', 'dhulson3m@scribd.com', 'R4bY0sB'),
(132, 'Sibyl', 'Virgo', 'svirgo.project@adobe.com', 'RrSEbWwufAq'),
(133, 'Dyanna', 'St. John', 'dstjohn3o@jalbum.net', 'R2kMI7m2'),
(134, 'Jaquith', 'Menci', 'jmenci3p@statcounter.com', 'vWZ0n8cZ'),
(135, 'Haze', 'Bann', 'hbann3q@exblog.jp', 'ImfYzhJB'),
(136, 'Lisetta', 'McIleen', 'lmcileen3r@google.it', 'ZdluDAnI'),
(137, 'Sheeree', 'Rickis', 'srickis3s@bbb.org', 'f7SixBXwYLR'),
(138, 'Petunia', 'Lazonby', 'plazonby3t@desdev.cn', 'R66uDRf'),
(139, 'Bevvy', 'Crickmoor', 'bcrickmoor3u@latimes.com', 'LtQrrKf'),
(140, 'Wang', 'Pinnick', 'wpinnick3v@wikipedia.org', 'EeUyuc'),
(141, 'Madeline', 'Delgadillo', 'mdelgadillo3w@sogou.com', 'vZIEL2'),
(142, 'Tanny', 'Rangle', 'trangle3x@upenn.edu', 'UtyewFxp3Fb'),
(143, 'Risa', 'Vere', 'rvere3y@patch.com', '5bsT0APbo'),
(144, 'Renae', 'Kelston', 'rkelston3z@youtube.com', 'dezhidsVL'),
(145, 'Alie', 'Tottie', 'atottie40@smugmug.com', 'GyDnhOJKwJJw'),
(146, 'Farlay', 'Abeth', 'fabeth41@marketwatch.com', 'h3mJ7cl3H'),
(147, 'Zackariah', 'Villar', 'zvillar42@nature.com', '7oMPQMV'),
(148, 'Alvin', 'Leser', 'aleser43@wiley.com', '66o3CqKbyrb4'),
(149, 'Lorraine', 'Clandillon', 'lclandillon44@vk.com', 'es6TJK'),
(150, 'Kristy', 'Bourner', 'kbourner45@google.nl', 'q6mAAaACS'),
(151, 'Dale', 'Gully', 'dgully46@privacy.gov.au', '09Fkhqh'),
(152, 'Issiah', 'Godfrey', 'igodfrey47@ehow.com', 'KPwXMNwu'),
(153, 'Hillyer', 'Extil', 'hextil48@studiopress.com', 'xWkc2yTa0CB'),
(154, 'Des', 'Londors', 'dlondors49@unc.edu', 'NLVdS6yHynjl'),
(155, 'Betteanne', 'Cicerone', 'bcicerone4a@parallels.com', 'TnIqqibd7'),
(156, 'Darius', 'Coulthard', 'dcoulthard4b@sun.com', 'IW98E4P'),
(157, 'Elwira', 'Camosso', 'ecamosso4c@tripod.com', '9yb6pC'),
(158, 'Dennison', 'Sultana', 'dsultana4d@aol.com', 'D3krMsoLf'),
(159, 'Sheilakathryn', 'Kolin', 'skolin4e@abc.net.au', 'M5uTG2a'),
(160, 'Correna', 'Mitrikhin', 'cmitrikhin4f@ucla.edu', 'W6klSf4j'),
(161, 'Hamel', 'Michelotti', 'hmichelotti4g@jalbum.net', 'eHO1QJJeDc'),
(162, 'Fayette', 'McWaters', 'fmcwaters4h@nsw.gov.au', 'eG1nUt'),
(163, 'Shirley', 'Volcker', 'svolcker4i@miibeian.gov.cn', 'WI2eiXEgr'),
(164, 'Brigit', 'Flips', 'bflips4j@pbs.org', '2QwBGOXa'),
(165, 'Rodolphe', 'Caws', 'rcaws4k@baidu.com', 'jrtfT5'),
(166, 'Chanda', 'Spirritt', 'cspirritt4l@bloglines.com', 'OEd145KdOeUy'),
(167, 'Fabien', 'Swigger', 'fswigger4m@pen.io', 'IbAYvbgUj'),
(168, 'Robenia', 'Island', 'risland4n@pbs.org', 'w57TRro'),
(169, 'Riley', 'Hurlston', 'rhurlston4o@blogs.com', 'eW121v1rK2'),
(170, 'Skye', 'Locock', 'slocock4p@unblog.fr', 'QsomMkm'),
(171, 'Cass', 'Antonetti', 'cantonetti4q@shop-pro.jp', '0KZiWFEiIb'),
(172, 'Staci', 'Keohane', 'skeohane4r@symantec.com', 'iyBgSoH'),
(173, 'Logan', 'Keedy', 'lkeedy4s@earthlink.net', 'CMt3ziISSohr'),
(174, 'Conan', 'Barwack', 'cbarwack4t@stanford.edu', 'QwdLn9gt08'),
(175, 'Annalise', 'Kebell', 'akebell4u@hao123.com', 'a5YoWduAdt'),
(176, 'Alicea', 'Boken', 'aboken4v@blog.com', 'CTbv2RO'),
(177, 'Janina', 'Esparza', 'jesparza4w@deviantart.com', '8MoCGxaQS'),
(178, 'Keefe', 'Lashley', 'klashley4x@un.org', 'Qn1ynPW9g8'),
(179, 'Nanci', 'Maplethorpe', 'nmaplethorpe4y@networksolutions.com', 'TsIaBqbT1'),
(180, 'Aron', 'Capun', 'acapun4z@engadget.com', 'VS4xzoo'),
(181, 'Nicki', 'Muggach', 'nmuggach50@patch.com', 'W2ywGmc46BRl'),
(182, 'Skipton', 'Sidey', 'ssidey51@stanford.edu', 'jIb4YKB'),
(183, 'Robby', 'Genty', 'rgenty52@cloudflare.com', 'Ewjqcj'),
(184, 'Melody', 'Scade', 'mscade53@goo.ne.jp', 'woIvAZuB'),
(185, 'Arden', 'Grimolbie', 'agrimolbie54@biblegateway.com', 'MsXVvtRGwRo'),
(186, 'Millisent', 'Stealfox', 'mstealfox55@shinystat.com', 'N66tNhscCDk'),
(187, 'Josefina', 'Scoble', 'jscoble56@smh.com.au', 'jPUI6l'),
(188, 'Sissie', 'Bytheway', 'sbytheway57@so-net.ne.jp', 'wvsEHLa'),
(189, 'Torrey', 'Hrinishin', 'thrinishin58@psu.edu', 'Vn0orq1'),
(190, 'George', 'Gutsell', 'ggutsell59@comcast.net', 'wODmkrys8'),
(191, 'Michell', 'Fierman', 'mfierman5a@ft.com', 'VG18fDlcn'),
(192, 'Waverly', 'Gheorghie', 'wgheorghie5b@goo.ne.jp', 'uX057GtGa'),
(193, 'Etan', 'Freezer', 'efreezer5c@elegantthemes.com', 'kKP3sh0TBwL'),
(194, 'Craig', 'MacKain', 'cmackain5d@privacy.gov.au', 'NE9pmjDV'),
(195, 'Kora', 'Greenough', 'kgreenough5e@fastcompany.com', 'ZUcwB7UnwS'),
(196, 'Cazzie', 'Darville', 'cdarville5f@g.co', '1Vq13SncBU40'),
(197, 'Becky', 'Grigs', 'bgrigs5g@live.com', 'fel6lF'),
(198, 'Aron', 'Plitz', 'aplitz5h@hatena.ne.jp', 'SIsMFnKIqzHS'),
(199, 'Minda', 'Ishak', 'mishak5i@twitpic.com', '1Px1evsARV'),
(200, 'Joelynn', 'Elesander', 'jelesander5j@nyu.edu', 'GNW8jdvS9HMX'),
(201, 'Quinton', 'Allawy', 'qallawy5k@army.mil', 'LTOnPQrG9QZK'),
(202, 'Dela', 'Corbet', 'dcorbet5l@sakura.ne.jp', 'nCe93aNYB'),
(203, 'Jobi', 'Shelliday', 'jshelliday5m@tiny.cc', 'zVsbAT'),
(204, 'Deborah', 'Vockings', 'dvockings5n@blog.com', '4xWejXKb1W'),
(205, 'Earlie', 'Rizzone', 'erizzone5o@homestead.com', 'nrH7kneood1'),
(206, 'Janice', 'Borwick', 'jborwick5p@aol.com', '0bvcFD'),
(207, 'Ramsey', 'Bentham3', 'rbentham5q@addtoany.com', 'LLytT2'),
(208, 'Barton', 'Ilyenko', 'bilyenko5r@state.tx.us', '27raC6a'),
(209, 'Fayina', 'Mardlin', 'fmardlin5s@imageshack.us', 'HROShxBmu4u'),
(210, 'Shurlock', 'Scarse', 'sscarse5t@noaa.gov', 'Kcr0zP38e'),
(211, 'Jaquelyn', 'Oxley', 'joxley5u@people.com.cn', 'pTVL76'),
(212, 'Jeth', 'Firby', 'jfirby5v@examiner.com', 'lmsgGo'),
(213, 'Adelina', 'Benbow', 'abenbow5w@gov.uk', 'jCLrOHH3SNx'),
(214, 'Rania', 'Gillyatt', 'rgillyatt5x@xing.com', 'YGeiGD'),
(215, 'Townsend', 'Galletly', 'tgalletly5y@usnews.com', 'tuYr4eKdsvk'),
(216, 'Dorothea', 'Jamrowicz', 'djamrowicz5z@infoseek.co.jp', 'Lcp53f2SXmL4'),
(217, 'Ailene', 'Vanyashkin', 'avanyashkin60@hostgator.com', '7oRxEm3'),
(218, 'Tracy', 'Cornelleau', 'tcornelleau61@people.com.cn', 'dpgpkTts'),
(219, 'Price', 'Julian', 'pjulian62@wisc.edu', 'Gdb02a'),
(220, 'Sarene', 'Jaray', 'sjaray63@soundcloud.com', 'jtlmGZM2Do'),
(221, 'Lyn', 'Saterweyte', 'lsaterweyte64@princeton.edu', 'YYLoFj'),
(222, 'Thaddeus', 'Roubay', 'troubay65@plala.or.jp', 'jVC9w3YPRz'),
(223, 'Michaella', 'Solloway', 'msolloway66@tumblr.com', '6q8Wm2'),
(224, 'Marianna', 'Commin', 'mcommin67@ifeng.com', 'O7WCsm'),
(225, 'Odie', 'Bagehot', 'obagehot68@ucla.edu', '3D5jBm'),
(226, 'Audre', 'Datte', 'adatte69@aboutads.info', 'B4eKHXT'),
(227, 'Yancy', 'Wynett', 'ywynett6a@youtu.be', 'Qas6Qtb6Ytig'),
(228, 'Tadd', 'Heinssen', 'theinssen6b@apple.com', '9qHdhLHajpg'),
(229, 'Natalie', 'Ritch', 'nritch6c@sina.com.cn', 'zdLtYf'),
(230, 'Goran', 'Aylen', 'gaylen6d@ibm.com', 'x18Z8ko'),
(231, 'Ruthie', 'Halls', 'rhalls6e@facebook.com', 'yvGr6K'),
(232, 'Boniface', 'Pirolini', 'bpirolini6f@examiner.com', 'JfyOKfmDGOD'),
(233, 'Goran', 'Bidnall', 'gbidnall6g@tamu.edu', '9SPQ3Dboe4zC'),
(234, 'Ricoriki', 'Bysshe', 'rbysshe6h@uiuc.edu', 'yDUVNnmwE8O'),
(235, 'Karita', 'Cooch', 'kcooch6i@ustream.tv', 'eW3pJuF'),
(236, 'Aeriell', 'Havik', 'ahavik6j@trellian.com', 'g2qyoOLa9'),
(237, 'Regina', 'O\'Fihillie', 'rofihillie6k@51.la', 'I49P9Z'),
(238, 'Lynda', 'Jorin', 'ljorin6l@yolasite.com', 'k05LG8JWjs'),
(239, 'Reade', 'Tomson', 'rtomson6m@ed.gov', 'v6RukWVq'),
(240, 'Gustav', 'Vasnetsov', 'gvasnetsov6n@disqus.com', 'MrZ5FrNV8iT'),
(241, 'Sari', 'Scimoni', 'sscimoni6o@usda.gov', 'MqTn6nCav'),
(242, 'Rodina', 'Nezey', 'rnezey6p@acquirethisname.com', '4usjaaJ0zPR'),
(243, 'Gardie', 'Larcier', 'glarcier6q@redcross.org', 'QOvmQEUro'),
(244, 'Fanchette', 'Maddinon', 'fmaddinon6r@mashable.com', 'XYWNhON1zbc'),
(245, 'Vinni', 'Lawman', 'vlawman6s@wikia.com', 'sWoL1E0PGxo'),
(246, 'Adele', 'Cowtherd', 'acowtherd6t@blogspot.com', 'BcWy27MXeB'),
(247, 'Jaimie', 'Greswell', 'jgreswell6u@chron.com', '7V9FYjZkRrPi'),
(248, 'Aggi', 'Ciobotaru', 'aciobotaru6v@globo.com', 'QhBG9li'),
(249, 'Bobinette', 'Ladd', 'bladd6w@bing.com', 'LbuCDTWxItt'),
(250, 'Winnah', 'Cadge', 'wcadge6x@pen.io', '7PYUa1uYErb'),
(251, 'Benita', 'Meachen', 'bmeachen6y@woothemes.com', 'OsUvvWsku'),
(252, 'Freddi', 'Molloy', 'fmolloy6z@liveinternet.ru', 'tJ8dGott0X'),
(253, 'Dani', 'Josey', 'djosey70@engadget.com', 'lOpmGrSV8Hz3'),
(254, 'Carlene', 'Langworthy', 'clangworthy71@mail.ru', 'cf97KmsAcWw4'),
(255, 'Eyde', 'Culligan', 'eculligan72@google.co.uk', '5sUwwtv'),
(256, 'Delinda', 'De Carlo', 'ddecarlo73@latimes.com', 'ehYmkRJm'),
(257, 'Fulvia', 'Caspell', 'fcaspell74@desdev.cn', 'ctexcy'),
(258, 'Jarrod', 'Hubber', 'jhubber75@mapy.cz', 'hRTRkP5mG'),
(259, 'Debby', 'Boothman', 'dboothman76@symantec.com', 'gECFgaASepuT'),
(260, 'Oneida', 'MacRierie', 'omacrierie77@free.fr', 'g4y4W5N'),
(261, 'Dudley', 'Phillippo', 'dphillippo78@oakley.com', '98pDUyjYwzNs'),
(262, 'Sasha', 'Bankes', 'sbankes79@networkadvertising.org', 'ITEXRIicGi3v'),
(263, 'Gertruda', 'Tearny', 'gtearny7a@tmall.com', 'LQQR6T'),
(264, 'Angelia', 'Trinder', 'atrinder7b@topsy.com', '3hxBYqb'),
(265, 'Laurella', 'Kaasman', 'lkaasman7c@slideshare.net', '5RcbdMF255e'),
(266, 'Alika', 'Motherwell', 'amotherwell7d@arizona.edu', 'KwMcjd1sjf'),
(267, 'Ofelia', 'Smitherman', 'osmitherman7e@xrea.com', 'uyx27fcpkDFO'),
(268, 'Inglis', 'Bruneton', 'ibruneton7f@gmpg.org', 'In3RZmGCq'),
(269, 'Barnett', 'Bramsen', 'bbramsen7g@github.io', 'hoWaWaq9qK6h'),
(270, 'Emmalynne', 'Bremmer', 'ebremmer7h@goo.gl', 'EvI3VH1lbjFj'),
(271, 'Petronella', 'Irnys', 'pirnys7i@google.com.au', 'WmNifYj2'),
(272, 'Gayleen', 'Skippings', 'gskippings7j@addtoany.com', 'JygHXBayskuI'),
(273, 'Linet', 'Atcheson', 'latcheson7k@hexun.com', 'GRuccXrXV7'),
(274, 'Nanon', 'Willis', 'nwillis7l@usa.gov', 'smRscxVTY7f'),
(275, 'Virgina', 'D\'Hooghe', 'vdhooghe7m@youtube.com', 'nULq70SPMEyv'),
(276, 'Marline', 'Keith', 'mkeith7n@bbb.org', 'GZ7VK8fOIaW'),
(277, 'Sampson', 'Knewstub', 'sknewstub7o@nbcnews.com', 'N4k9Vt'),
(278, 'Dionne', 'Woolger', 'dwoolger7p@slideshare.net', '3yaKcfwq8p09'),
(279, 'Hendrick', 'Bachelor', 'hbachelor7q@t-online.de', 'mKBJwvUzKiGq'),
(280, 'Isa', 'Presley', 'ipresley7r@eventbrite.com', 'zT1fUpT1Y'),
(281, 'Timothy', 'Geertsen', 'tgeertsen7s@ibm.com', '4juY6E'),
(282, 'Sheff', 'Peiser', 'speiser7t@scribd.com', 'hgEpVsiFO'),
(283, 'Katya', 'Dovey', 'kdovey7u@earthlink.net', 'YQKX4lKj8'),
(284, 'Celestine', 'Shoebotham', 'cshoebotham7v@ed.gov', '40krbi58Mr'),
(285, 'Pat', 'Horsley', 'phorsley7w@boston.com', 'Cl9lJ8J'),
(286, 'Eb', 'Carncross', 'ecarncross7x@infoseek.co.jp', 'iK17HyNxbU'),
(287, 'Otis', 'Waywell', 'owaywell7y@nsw.gov.au', 'y6QiYeS'),
(288, 'Cally', 'Hendren', 'chendren7z@instagram.com', 'vB4y16zVP2F'),
(289, 'Stanwood', 'Czapla', 'sczapla80@reuters.com', 'yfu3PF'),
(290, 'Hale', 'Fallow', 'hfallow81@yahoo.com', '8wW6Czr'),
(291, 'Gussi', 'Prettyjohn', 'gprettyjohn82@sciencedirect.com', 'RFvxuwfDx'),
(292, 'Kristina', 'Charsley', 'kcharsley83@t.co', 'Czsy3yOVnVdZ'),
(293, 'Darline', 'Sowman', 'dsowman84@time.com', 'QTYbPZvi7oNa'),
(294, 'Jobey', 'Bernier', 'jbernier85@skyrock.com', '7wh0TaP5w'),
(295, 'Shaylah', 'Cervantes', 'scervantes86@photobucket.com', 'x6XavbTw'),
(296, 'Corliss', 'Morsom', 'cmorsom87@google.co.uk', 'pK2hY3oU3'),
(297, 'Aile', 'Corsan', 'acorsan88@wiley.com', 'SOBYYjQUYarg'),
(298, 'Freda', 'Dzenisenka', 'fdzenisenka89@technorati.com', 'nnqPi4ql'),
(299, 'Colby', 'Tonry', 'ctonry8a@google.com.br', '3Rw9bd'),
(300, 'Hedi', 'Canceller', 'hcanceller8b@google.cn', 'gvNN5Eg'),
(301, 'Beitris', 'Twizell', 'btwizell8c@uol.com.br', '82PkPkx9Zcqx'),
(302, 'Ellsworth', 'Jayes', 'ejayes8d@photobucket.com', 'pdfrvZCN'),
(303, 'Camella', 'Trout', 'ctrout8e@tuttocitta.it', 'R7sTCpmnYR3s'),
(304, 'Marrissa', 'Ghest', 'mghest8f@blog.com', 'MgG63W8'),
(305, 'Phelia', 'Petrusch', 'ppetrusch8g@sourceforge.net', 'ikxZMXnw'),
(306, 'Berty', 'Spalton', 'bspalton8h@qq.com', 'NIPxhTd'),
(307, 'Nicola', 'Britnell', 'nbritnell8i@illinois.edu', 'UjjXmwALqzZ'),
(308, 'Temp', 'Matiasek', 'tmatiasek8j@furl.net', 'Xjm1rJMI'),
(309, 'Taber', 'Guilder', 'tguilder8k@mit.edu', 'sxjzOvb3'),
(310, 'Rosalinde', 'Von Welden', 'rvonwelden8l@squarespace.com', 'Q5V06Pc6Mis'),
(311, 'Fanni', 'Rosendorf', 'frosendorf8m@mediafire.com', 'DchVeaYMq'),
(312, 'Annadiane', 'Yacobsohn', 'ayacobsohn8n@weebly.com', 'E8KXmsKRQ0c'),
(313, 'Lyda', 'Prandi', 'lprandi8o@unesco.org', 'XxL2ptEfTAK'),
(314, 'Arda', 'Godbert', 'agodbert8p@vistaprint.com', 'DBkmJU2QY'),
(315, 'Sabra', 'Nuttey', 'snuttey8q@desdev.cn', 'hOQGSFAoa6F'),
(316, 'Farica', 'Duchenne', 'fduchenne8r@miibeian.gov.cn', 'YDYYXYE'),
(317, 'Sheena', 'Crab', 'scrab8s@salon.com', 'rtIPiLz3MNQ'),
(318, 'Michell', 'Broadberry', 'mbroadberry8t@naver.com', 'BHWGE5Bku'),
(319, 'Towney', 'Pavlov', 'tpavlov8u@wisc.edu', 'FOABxy8nNKs2'),
(320, 'Sayers', 'Taunton', 'staunton8v@earthlink.net', 'mvCr037NZ4J'),
(321, 'Abram', 'Casaccia', 'acasaccia8w@bbc.co.uk', 'gmpWxPWXI'),
(322, 'Stacie', 'Jeeves', 'sjeeves8x@blogspot.com', 'bS5IIxblJP0V'),
(323, 'Shena', 'McWhin', 'smcwhin8y@arstechnica.com', 'rvhoohkq0iXo'),
(324, 'Koral', 'Hunting', 'khunting8z@google.pl', 'LBjVI3'),
(325, 'Bree', 'McKnish', 'bmcknish90@sciencedaily.com', '1j1Mds'),
(326, 'Korey', 'McGee', 'kmcgee91@vimeo.com', 'cgzWkR6'),
(327, 'Lebbie', 'Leveridge', 'lleveridge92@cdbaby.com', 'R8gtMivoyUM'),
(328, 'Madelena', 'Rainsbury', 'mrainsbury93@sciencedaily.com', 'KHcy7V'),
(329, 'Van', 'Ciccottini', 'vciccottini94@elegantthemes.com', 'vpyR3eciQ'),
(330, 'Kenneth', 'Charte', 'kcharte95@naver.com', 'NseqzRe'),
(331, 'Hashim', 'Dymoke', 'hdymoke96@myspace.com', '9DcBdzG9'),
(332, 'Gino', 'Kitchinghan', 'gkitchinghan97@marriott.com', 'JEExBgKHKG0'),
(333, 'Konstance', 'Cadwallader', 'kcadwallader98@over-blog.com', 'lJ0V3r1pDW'),
(334, 'Jeni', 'Jenkinson', 'jjenkinson99@cargocollective.com', 'wbwzLMK0yP'),
(335, 'Dot', 'Bawden', 'dbawden9a@ftc.gov', 'XXpmZpr'),
(336, 'Patrizius', 'Tregear', 'ptregear9b@yale.edu', 'g3t1glxh'),
(337, 'Germayne', 'Gilman', 'ggilman9c@foxnews.com', '4sZJEk4yZZm'),
(338, 'Cyndy', 'Shotton', 'cshotton9d@prweb.com', 'Km3Srd'),
(339, 'Aura', 'Meriot', 'ameriot9e@trellian.com', 'jNgFcKzGBsB'),
(340, 'Adena', 'Bridgstock', 'abridgstock9f@businesswire.com', 'mETA5y'),
(341, 'Wittie', 'Emmanuel', 'wemmanuel9g@mayoclinic.com', 'VSgRYLq'),
(342, 'Tomas', 'Grizard', 'tgrizard9h@dot.gov', 'vGuAfX'),
(343, 'Oran', 'Biernat', 'obiernat9i@digg.com', 'Z3b4DjZ'),
(344, 'Justine', 'Yerrill', 'jyerrill9j@bbb.org', 'UgDPaMs7'),
(345, 'Olag', 'Kinker', 'okinker9k@hostgator.com', 'pLwvyOQl6'),
(346, 'Drusilla', 'Biaggioni', 'dbiaggioni9l@timesonline.co.uk', '57Z9rb'),
(347, 'Erda', 'Varnes', 'evarnes9m@drupal.org', 'oI0DohzdE17'),
(348, 'Marc', 'Kentish', 'mkentish9n@ucsd.edu', '6TwZrJESRLk'),
(349, 'Jdavie', 'Ewbanks', 'jewbanks9o@issuu.com', '7JP1M4'),
(350, 'Biddy', 'Cousins', 'bcousins9p@blinklist.com', '138jTaxI1fT'),
(351, 'Giffard', 'Ventura', 'gventura9q@fc2.com', 'Mh7vEPXa6'),
(352, 'Stan', 'Soeiro', 'ssoeiro9r@uiuc.edu', 'T3qmhkJnLH'),
(353, 'Leesa', 'Bowles', 'lbowles9s@ustream.tv', 'uyZA5UVNJ6'),
(354, 'Sandra', 'Treadgold', 'streadgold9t@indiegogo.com', 'xYUMGuZymDkg'),
(355, 'Mortie', 'Rayner', 'mrayner9u@mac.com', 'D2QVDo1Uv'),
(356, 'Nanine', 'Marquess', 'nmarquess9v@reuters.com', 'VsftyMwNh'),
(357, 'Nessa', 'Goldney', 'ngoldney9w@un.org', 'i9fPbn'),
(358, 'Lotti', 'Goodread', 'lgoodread9x@thetimes.co.uk', 'FiqisQ'),
(359, 'Ignazio', 'Floch', 'ifloch9y@dot.gov', 'cyUgzw2W'),
(360, 'Belva', 'Sarver', 'bsarver9z@ebay.co.uk', 'kInW3jkUU'),
(361, 'Felipe', 'Haslewood', 'fhaslewooda0@scribd.com', 'tKAWxdUD'),
(362, 'Wat', 'Juanico', 'wjuanicoa1@mozilla.com', 'ltNgSRTl48'),
(363, 'Alexei', 'Rehn', 'arehna2@mozilla.com', 'xBwJv9rcGq'),
(364, 'Iver', 'Calleja', 'icallejaa3@psu.edu', '6GefQYOp'),
(365, 'Padriac', 'Donisthorpe', 'pdonisthorpea4@go.com', 'mCBJFjdHj'),
(366, 'Nerita', 'Wordesworth', 'nwordeswortha5@youtu.be', '2C8jeWMwQ2'),
(367, 'Rhody', 'Larby', 'rlarbya6@sitemeter.com', 'eJ4nyGX'),
(368, 'Ermengarde', 'Tolliday', 'etollidaya7@sbwire.com', 'S8YJgVLFqO'),
(369, 'Shel', 'Branni', 'sbrannia8@macromedia.com', 'AHkicU9CjJp'),
(370, 'Kala', 'Van Hove', 'kvanhovea9@last.fm', 'KpM1xzfP7y79'),
(371, 'Aeriel', 'Sisse', 'asisseaa@sakura.ne.jp', 'CHu03iE4G'),
(372, 'Theodoric', 'Carn', 'tcarnab@netlog.com', 'a4bsvFLRD53'),
(373, 'Abbey', 'Heugle', 'aheugleac@xinhuanet.com', 'tC9mTEalU'),
(374, 'Gigi', 'Stanners', 'gstannersad@squidoo.com', 'COluPJwB0nm'),
(375, 'Fleming', 'Downgate', 'fdowngateae@wunderground.com', 'mm3nvXaB9An'),
(376, 'Arnaldo', 'Maine', 'amaineaf@spiegel.de', 'YiVtJcNjCLr'),
(377, 'Augusta', 'Dundredge', 'adundredgeag@admin.ch', '6hJim7vkZGF0'),
(378, 'Agnese', 'Kienzle', 'akienzleah@t.co', 'Iy48fAn'),
(379, 'Jarrad', 'Haggis', 'jhaggisai@weibo.com', 'AokTuis'),
(380, 'Abramo', 'Silvers', 'asilversaj@pbs.org', 'cSJ9B5'),
(381, 'Ase', 'Chatt', 'achattak@wsj.com', '5fsQGgFN0YN'),
(382, 'Zared', 'L\'Episcopio', 'zlepiscopioal@indiatimes.com', 'Ju6C8sCF'),
(383, 'Granthem', 'Guyan', 'gguyanam@angelfire.com', 'B2FbqMvuVZdQ'),
(384, 'Dave', 'Murison', 'dmurisonan@vkontakte.ru', 'onKy1ej'),
(385, 'Palmer', 'Scudders', 'pscuddersao@bbc.co.uk', 'fJKAzFxnfO'),
(386, 'Eileen', 'Stubbin', 'estubbinap@theglobeandmail.com', 'hN51aC'),
(387, 'Bianca', 'Heyns', 'bheynsaq@illinois.edu', 'XQ07x3N3'),
(388, 'Carma', 'Caddick', 'ccaddickar@goo.gl', 'mqnjhI'),
(389, 'Alfred', 'Le Prevost', 'aleprevostas@oaic.gov.au', 'Aqi33v'),
(390, 'Gayle', 'Dzeniskevich', 'gdzeniskevichat@lycos.com', '0ihVH6T5'),
(391, 'Inessa', 'Partleton', 'ipartletonau@nba.com', 'EJIphU'),
(392, 'Grace', 'Ivanikov', 'givanikovav@pcworld.com', 'b3IFrYu'),
(393, 'Devina', 'Shelper', 'dshelperaw@multiply.com', 'SJswBsgbU'),
(394, 'Vlad', 'Scrowton', 'vscrowtonax@sina.com.cn', '50jZGhGi'),
(395, 'Querida', 'Caseborne', 'qcaseborneay@netlog.com', 'TyvuxQ'),
(396, 'Zsa zsa', 'Merryman', 'zmerrymanaz@hibu.com', 'H1c15ZcHTaa'),
(397, 'Rosie', 'Lyddiatt', 'rlyddiattb0@example.com', 'beMoAe7lfv'),
(398, 'Selle', 'McInulty', 'smcinultyb1@vistaprint.com', '3Ni7LLisPe'),
(399, 'Consuela', 'Dunmore', 'cdunmoreb2@wordpress.org', 'V56SGpQD'),
(400, 'Bertie', 'Entwisle', 'bentwisleb3@icio.us', 'iIJp5VPeb'),
(401, 'Cherise', 'Flewin', 'cflewinb4@tripadvisor.com', 'wptFv0ByAZQ'),
(402, 'Lammond', 'Offell', 'loffellb5@fastcompany.com', 'EpheOcMX'),
(403, 'Blakeley', 'Whates', 'bwhatesb6@dell.com', 'E5mmAPSU'),
(404, 'Leon', 'Lindbergh', 'llindberghb7@google.cn', 'SMjMS5JGD'),
(405, 'Colline', 'Magner', 'cmagnerb8@photobucket.com', 'LLULqSLvC'),
(406, 'Moses', 'Buckerfield', 'mbuckerfieldb9@newsvine.com', '0dvEViC'),
(407, 'Cass', 'Palfrie', 'cpalfrieba@cornell.edu', 'xvU0rBWPc'),
(408, 'Rolfe', 'Fillimore', 'rfillimorebb@theguardian.com', 'dpn6VcYC'),
(409, 'Jelene', 'Ransom', 'jransombc@pcworld.com', 'KSotSU5NK'),
(410, 'Sidnee', 'Fossitt', 'sfossittbd@google.ru', '9KmnkQ'),
(411, 'Hans', 'Jedraszek', 'hjedraszekbe@opera.com', '0DdJxoh'),
(412, 'Dasi', 'Groll', 'dgrollbf@time.com', 'ehP2C8kb'),
(413, 'Mimi', 'Pyper', 'mpyperbg@mit.edu', 'u114IZLduBFv'),
(414, 'Halsy', 'Kneaphsey', 'hkneaphseybh@t-online.de', 'kUVV4Xm5z'),
(415, 'Adriane', 'Klulik', 'aklulikbi@reference.com', 'RNf4KNxS'),
(416, 'Brinn', 'Masser', 'bmasserbj@cdbaby.com', 'YCztHqLigOJB'),
(417, 'Meta', 'Crosfeld', 'mcrosfeldbk@ocn.ne.jp', 'cxXdJS17z'),
(418, 'Jenna', 'Simonsson', 'jsimonssonbl@a8.net', '8Td3n3'),
(419, 'Marv', 'O\'Sesnane', 'mosesnanebm@examiner.com', 'dV1mJ9HJctFQ'),
(420, 'Thurston', 'Roots', 'trootsbn@gravatar.com', '4aeVB5tqM52O'),
(421, 'Alissa', 'Lundy', 'alundybo@ucsd.edu', 'm31f6vuVs'),
(422, 'Rafa', 'Cosbee', 'rcosbeebp@rakuten.co.jp', 'm4hJD3'),
(423, 'Kitti', 'Schuelcke', 'kschuelckebq@cocolog-nifty.com', 'OYn7INv'),
(424, 'Bernetta', 'Gildea', 'bgildeabr@g.co', 'yW2OOjA'),
(425, 'Veronika', 'Andrei', 'vandreibs@google.cn', 'sTvwm2s'),
(426, 'Clemmy', 'Hundell', 'chundellbt@parallels.com', 'SdW2uw3LLLQp'),
(427, 'Riccardo', 'Sterte', 'rstertebu@elegantthemes.com', '1XAe32IFO'),
(428, 'Odelle', 'Broadist', 'obroadistbv@wunderground.com', 'IgKMwRmYZ0BA'),
(429, 'Guglielmo', 'Betteriss', 'gbetterissbw@reverbnation.com', 'FevslWfm'),
(430, 'Nancy', 'Cochern', 'ncochernbx@hhs.gov', 'wYtwj6Ev9K2'),
(431, 'Tedie', 'Swigger', 'tswiggerby@techcrunch.com', 'cPudRLMTp'),
(432, 'Charlotte', 'Marchiso', 'cmarchisobz@slashdot.org', 'UNIijEPui88'),
(433, 'Alyosha', 'Piatkowski', 'apiatkowskic0@newyorker.com', 'ylFpdqX6DLI'),
(434, 'Hyacintha', 'Pymar', 'hpymarc1@odnoklassniki.ru', '8jREaX0dZ3'),
(435, 'Joachim', 'Leipnik', 'jleipnikc2@domainmarket.com', 'XNWtwK'),
(436, 'Christa', 'Northcote', 'cnorthcotec3@microsoft.com', 'EhQN1gpi'),
(437, 'Bernhard', 'Daniaud', 'bdaniaudc4@histats.com', 'LxyKTXv2'),
(438, 'Kinna', 'Lemonby', 'klemonbyc5@lulu.com', 'yuQcijqU'),
(439, 'Lory', 'Nockolds', 'lnockoldsc6@adobe.com', 'fdDGtgnu47'),
(440, 'Xylina', 'Mulgrew', 'xmulgrewc7@e-recht24.de', 'Q15NoGR49ylp'),
(441, 'Bourke', 'Exrol', 'bexrolc8@blog.com', 'oiaiYZp'),
(442, 'Rick', 'Martins', 'rmartinsc9@alexa.com', 'k2rKHoO8'),
(443, 'Glen', 'Galego', 'ggalegoca@simplemachines.org', '5nvkSabdH2M'),
(444, 'Auguste', 'Belison', 'abelisoncb@goodreads.com', '4BQkvxHVZ'),
(445, 'Delia', 'Godridge', 'dgodridgecc@soup.io', 'pg2gsU'),
(446, 'Kerwinn', 'Mordon', 'kmordoncd@mapquest.com', 'JxmXCNlHIrkE'),
(447, 'Bernard', 'Downgate', 'bdowngatece@cnn.com', 'BIG6zXbsD'),
(448, 'Leeanne', 'Schrieves', 'lschrievescf@wordpress.com', 'DBQZhbA'),
(449, 'Chlo', 'Pettyfar', 'cpettyfarcg@theatlantic.com', 'y9nRCv5'),
(450, 'Rad', 'Wayne', 'rwaynech@nationalgeographic.com', 'bPftO9QZ'),
(451, 'Annnora', 'Tixier', 'atixierci@ucsd.edu', 'pnPiTv'),
(452, 'Peggi', 'Basnett', 'pbasnettcj@pen.io', 'DJlZbbr'),
(453, 'Fawne', 'Tryme', 'ftrymeck@google.de', 'RZJhfJAyHaX'),
(454, 'Frederique', 'Millberg', 'fmillbergcl@about.me', 'kE8WijEY'),
(455, 'Xylia', 'Camerello', 'xcamerellocm@meetup.com', '9YMOLwt'),
(456, 'Hamlin', 'Nunes Nabarro', 'hnunesnabarrocn@flickr.com', 'SWd8KXyLHYsi'),
(457, 'Faulkner', 'Standen', 'fstandenco@hhs.gov', '6HRz1WLQw'),
(458, 'Henderson', 'Huffer', 'hhuffercp@vimeo.com', 'HJmwL8PGCel'),
(459, 'Renaud', 'Celiz', 'rcelizcq@bigcartel.com', 'XIkF3fMaw'),
(460, 'Camille', 'Laboune', 'clabounecr@epa.gov', 'KarXDIPI'),
(461, 'Philomena', 'Ewles', 'pewlescs@blog.com', 'Ogjeg6En7o'),
(462, 'Emmanuel', 'Souch', 'esouchct@usnews.com', 'zG22aDWn'),
(463, 'Hillie', 'Sangster', 'hsangstercu@google.com.au', 'L2deYdYGRu'),
(464, 'Iormina', 'Sedcole', 'isedcolecv@icio.us', 'q84z8H7Q9Jf'),
(465, 'Salome', 'Davidove', 'sdavidovecw@gizmodo.com', 'SmGuSW'),
(466, 'Georgy', 'Noble', 'gnoblecx@gizmodo.com', 'PPHurB'),
(467, 'Rodie', 'Anster', 'ranstercy@delicious.com', 'KWFRiIzVocGF'),
(468, 'Mitchell', 'Littlemore', 'mlittlemorecz@cam.ac.uk', '8vMUCbLX7n6'),
(469, 'Selig', 'Bonifazio', 'sbonifaziod0@ustream.tv', 'Br5WmRUylNt'),
(470, 'Brandon', 'Tinton', 'btintond1@phoca.cz', 't8J8a7JZ'),
(471, 'Abel', 'Paul', 'apauld2@blogspot.com', 'ZQllsXhFf'),
(472, 'Clemens', 'Woodworth', 'cwoodworthd3@spiegel.de', 'FLHUNb'),
(473, 'Freddie', 'Kensley', 'fkensleyd4@fastcompany.com', '3dIDvXbp'),
(474, 'Michal', 'Exroll', 'mexrolld5@sourceforge.net', '0jqNia38FK'),
(475, 'Drake', 'Borrowman', 'dborrowmand6@google.fr', '0nJZutdgB'),
(476, 'Isaac', 'Gorini', 'igorinid7@i2i.jp', 'pQIBaf'),
(477, 'Joy', 'Fontes', 'jfontesd8@pbs.org', 'eKpaMyaQ'),
(478, 'Saxon', 'Toffoloni', 'stoffolonid9@tinyurl.com', 'eo9srdcq'),
(479, 'Berthe', 'Thridgould', 'bthridgouldda@nationalgeographic.com', 'ICgCdpv4'),
(480, 'Arliene', 'Castagneri', 'acastagneridb@imageshack.us', 'ROwO4i2wBei'),
(481, 'Brier', 'Bellino', 'bbellinodc@sogou.com', 'FjFACRqW'),
(482, 'Jaquelyn', 'Ladson', 'jladsondd@sbwire.com', 'za1RHY29'),
(483, 'Pavla', 'Devonshire', 'pdevonshirede@sphinn.com', 'kiJ9hQBM'),
(484, 'Jacynth', 'Haggerston', 'jhaggerstondf@godaddy.com', 'om8l17zX'),
(485, 'Piggy', 'Westman', 'pwestmandg@princeton.edu', 'QhQwOsz'),
(486, 'Ardys', 'Draayer', 'adraayerdh@unc.edu', 'BmJEXj'),
(487, 'Jerad', 'Habbijam', 'jhabbijamdi@hubpages.com', 'YsNx9m'),
(488, 'Maureen', 'Zeplin', 'mzeplindj@vk.com', '0BwfiKNa'),
(489, 'Sergeant', 'MacRanald', 'smacranalddk@netscape.com', 'j95hnsUmw2wg'),
(490, 'Agna', 'Cashford', 'acashforddl@engadget.com', 'ujQrUhh'),
(491, 'Josiah', 'Sumpner', 'jsumpnerdm@naver.com', 'h5d2FjHs'),
(492, 'Iago', 'Ivanikhin', 'iivanikhindn@va.gov', 'qTKgRx'),
(493, 'Vinny', 'Turgoose', 'vturgoosedo@wufoo.com', 'O2eZEGNjS6l9'),
(494, 'Hillery', 'MacTavish', 'hmactavishdp@ow.ly', 'LRc9IM'),
(495, 'Diandra', 'Round', 'drounddq@typepad.com', 'oEGaoXFzDH8K'),
(496, 'Isabeau', 'Norledge', 'inorledgedr@cam.ac.uk', 'NMtxI8gIliZG'),
(497, 'Emily', 'Margrie', 'emargrieds@earthlink.net', 'KVH9fZZfw'),
(498, 'Meredith', 'Currom', 'mcurromdt@gmpg.org', 'MwEh4yGPR'),
(499, 'Angel', 'Vanini', 'avaninidu@virginia.edu', 'DIH56cHztAx'),
(500, 'Cullin', 'Jelliman', 'cjellimandv@reverbnation.com', 'ybt7oHIqU');


